Rank,Club,Country,Level,Elo,From,To
1.0,Arsenal,ENG,1,2063.75805664,2026-05-31,2026-08-21
2.0,Man City,ENG,1,1970.85388184,2026-07-05,2026-08-23
3.0,Paris SG,FRA,1,1967.87866211,2026-07-05,2026-08-23
4.0,Barcelona,ESP,1,1951.58886719,2026-07-05,2026-08-27
5.0,Real Madrid,ESP,1,1922.9119873,2026-07-05,2026-08-26
6.0,Aston Villa,ENG,1,1920.97045898,2026-07-05,2026-08-23
7.0,Man United,ENG,1,1915.31591797,2026-07-05,2026-08-22
8.0,Liverpool,ENG,1,1910.7989502,2026-07-05,2026-08-23
9.0,Inter,ITA,1,1888.60217285,2026-07-05,2026-08-22
10.0,Bournemouth,ENG,1,1871.96984863,2026-07-05,2026-08-23
11.0,Brighton,ENG,1,1842.01049805,2026-07-05,2026-08-23
12.0,Newcastle,ENG,1,1837.53112793,2026-07-05,2026-08-23
13.0,Brentford,ENG,1,1836.59033203,2026-07-05,2026-08-22
14.0,Dortmund,GER,1,1834.76879883,2026-07-05,2026-08-29
15.0,Chelsea,ENG,1,1831.10327148,2026-07-05,2026-08-24
16.0,Atletico,ESP,1,1827.67553711,2026-07-05,2026-08-19
17.0,Benfica,POR,0,1823.50866699,2026-07-05,2026-07-23
18.0,Forest,ENG,1,1822.17004395,2026-07-05,2026-08-22
19.0,Fulham,ENG,1,1813.09570312,2026-07-05,2026-08-24
20.0,Leverkusen,GER,1,1804.02624512,2026-07-05,2026-08-29
21.0,Crystal Palace,ENG,1,1803.82470703,2026-07-05,2026-08-22
22.0,Everton,ENG,1,1803.43054199,2026-07-05,2026-08-22
23.0,Leeds,ENG,1,1797.3885498,2026-07-05,2026-08-22
24.0,Roma,ITA,1,1793.45056152,2026-07-05,2026-08-24
25.0,Napoli,ITA,1,1780.29577637,2026-07-05,2026-08-22
26.0,Tottenham,ENG,1,1777.30895996,2026-07-05,2026-08-22
27.0,Juventus,ITA,1,1772.25598145,2026-07-05,2026-08-23
28.0,West Ham,ENG,2,1768.80187988,2026-07-05,2026-08-16
29.0,Lens,FRA,1,1767.04333496,2026-07-05,2026-08-22
30.0,Atalanta,ITA,1,1763.51818848,2026-07-05,2026-08-23
31.0,RB Leipzig,GER,1,1761.90356445,2026-07-05,2026-08-29
32.0,Como,ITA,1,1760.02868652,2026-07-05,2026-08-22
33.0,Villarreal,ESP,1,1759.34509277,2026-07-05,2026-08-16
34.0,PSV,NED,1,1759.1348877,2026-07-05,2026-08-08
35.0,Brugge,BEL,1,1757.43835449,2026-07-05,2026-08-07
36.0,Milan,ITA,1,1750.04199219,2026-07-05,2026-08-23
37.0,Betis,ESP,1,1747.13122559,2026-07-05,2026-08-25
38.0,Lille,FRA,1,1743.70898438,2026-07-05,2026-08-23
39.0,Sunderland,ENG,1,1735.93017578,2026-07-05,2026-08-22
40.0,Lyon,FRA,1,1731.61791992,2026-07-05,2026-08-22
41.0,Freiburg,GER,1,1724.91333008,2026-07-05,2026-08-30
42.0,Monaco,FRA,1,1717.51831055,2026-07-05,2026-08-23
43.0,St Gillis,BEL,1,1716.76196289,2026-07-05,2026-08-08
44.0,Marseille,FRA,1,1716.74267578,2026-07-05,2026-08-21
45.0,Rennes,FRA,1,1716.11889648,2026-07-05,2026-08-23
46.0,Strasbourg,FRA,1,1710.80432129,2026-07-05,2026-08-21
47.0,Bodoe Glimt,NOR,1,1708.89233398,2026-07-23,2026-07-26
48.0,Rayo Vallecano,ESP,1,1707.34008789,2026-07-05,2026-08-15
49.0,Lazio,ITA,1,1703.16955566,2026-07-05,2026-08-24
50.0,Bologna,ITA,1,1701.27783203,2026-07-05,2026-08-24
51.0,Celta,ESP,1,1700.77722168,2026-07-05,2026-08-16
52.0,Hoffenheim,GER,1,1700.35388184,2026-07-05,2026-08-29
53.0,Braga,POR,0,1698.91101074,2026-07-23,2026-07-30
54.0,Valencia,ESP,1,1697.41516113,2026-07-05,2026-08-25
55.0,Midtjylland,DEN,1,1687.38391113,2026-07-05,2026-07-23
56.0,Galatasaray,TUR,1,1684.27087402,2026-07-05,2026-08-30
57.0,Wolves,ENG,2,1679.69335938,2026-07-05,2026-08-14
58.0,Bilbao,ESP,1,1677.90087891,2026-07-05,2026-08-27
59.0,Mainz,GER,1,1671.92565918,2026-07-05,2026-08-29
60.0,Fiorentina,ITA,1,1670.17321777,2026-07-05,2026-08-24
61.0,Sociedad,ESP,1,1669.4654541,2026-07-05,2026-08-26
62.0,Burnley,ENG,2,1666.33679199,2026-07-05,2026-08-16
63.0,Getafe,ESP,1,1664.07507324,2026-07-05,2026-08-15
64.0,Frankfurt,GER,1,1663.7800293,2026-07-05,2026-08-29
65.0,Coventry,ENG,1,1661.4777832,2026-07-05,2026-08-21
66.0,Zenit,RUS,1,1657.19775391,2026-07-05,2026-08-30
67.0,Fenerbahce,TUR,1,1655.55847168,2026-07-22,2026-07-29
68.0,Slavia Praha,CZE,1,1654.11645508,2026-07-05,2026-07-26
69.0,Toulouse,FRA,1,1652.31555176,2026-07-05,2026-08-22
70.0,Osasuna,ESP,1,1650.25805664,2026-07-05,2026-08-16
71.0,Udinese,ITA,1,1645.94140625,2026-07-05,2026-08-22
72.0,Mallorca,ESP,1,1642.77319336,2026-07-05,2026-08-30
73.0,Gladbach,GER,1,1640.84326172,2026-07-05,2026-08-29
74.0,AEK,GRE,1,1640.65844727,2026-07-05,2026-08-22
75.0,Ipswich,ENG,1,1639.99816895,2026-07-05,2026-08-22
76.0,Lorient,FRA,1,1639.05749512,2026-07-05,2026-08-22
77.0,Levante,ESP,1,1638.74035645,2026-07-05,2026-08-16
78.0,Augsburg,GER,1,1636.4465332,2026-07-05,2026-08-30
79.0,Southampton,ENG,2,1636.34631348,2026-07-05,2026-08-16
80.0,Girona,ESP,1,1635.80603027,2026-07-05,2026-08-30
81.0,Alaves,ESP,1,1634.98193359,2026-07-05,2026-08-15
82.0,FC Krasnodar,RUS,1,1632.22900391,2026-07-05,2026-08-30
83.0,Viking,NOR,1,1631.9107666,2026-07-23,2026-07-26
84.0,Espanyol,ESP,1,1629.45617676,2026-07-05,2026-08-16
85.0,Paris FC,FRA,1,1629.32727051,2026-07-05,2026-08-22
86.0,Sevilla,ESP,1,1625.92358398,2026-07-05,2026-08-15
87.0,Auxerre,FRA,1,1624.1114502,2026-07-05,2026-08-22
88.0,Torino,ITA,1,1624.05871582,2026-07-05,2026-08-23
89.0,Elche,ESP,1,1623.40356445,2026-07-05,2026-08-17
90.0,Sassuolo,ITA,1,1622.01708984,2026-07-05,2026-08-23
91.0,Brest,FRA,1,1620.84448242,2026-07-05,2026-08-22
92.0,Union Berlin,GER,1,1619.43066406,2026-07-05,2026-08-29
93.0,Genoa,ITA,1,1618.22705078,2026-07-05,2026-08-22
94.0,Werder,GER,1,1606.01940918,2026-07-05,2026-08-30
95.0,PAOK,GRE,1,1605.57592773,2026-07-05,2026-07-23
96.0,Millwall,ENG,2,1604.41833496,2026-07-05,2026-08-15
97.0,Feyenoord,NED,1,1602.56091309,2026-07-05,2026-08-09
98.0,Hamburg,GER,1,1602.14746094,2026-07-05,2026-08-29
99.0,Parma,ITA,1,1599.93127441,2026-07-05,2026-08-22
100.0,Venezia,ITA,2,1598.84887695,2026-07-05,2026-08-23
,Cagliari,ITA,1,1594.3046875,2026-05-25,2026-08-22
,Middlesbrough,ENG,2,1588.94506836,2026-05-31,2026-08-15
,Crvena Zvezda,SRB,1,1586.15515137,2026-07-22,2026-07-26
,Las Palmas,ESP,2,1585.08984375,2026-06-11,2026-08-30
,Aarhus,DEN,1,1582.55212402,2026-07-22,2026-07-25
,Nice,FRA,1,1582.37231445,2026-05-31,2026-08-22
,Santander,ESP,2,1581.93237305,2026-06-01,2026-08-16
,Genk,BEL,1,1581.32543945,2026-06-01,2026-08-09
,Le Havre,FRA,1,1580.06860352,2026-05-31,2026-08-23
,FC Kobenhavn,DEN,1,1578.41003418,2026-05-22,2026-07-23
,Ajax,NED,1,1578.02783203,2026-05-25,2026-07-23
,Dinamo Zagreb,CRO,1,1577.1184082,2026-07-22,2026-07-28
,Celtic,SCO,1,1575.15283203,2026-05-17,2026-08-30
,Malaga,ESP,2,1568.62805176,2026-06-21,2026-08-19
,Koeln,GER,1,1568.16882324,2026-05-21,2026-08-29
,Lecce,ITA,1,1568.02038574,2026-05-25,2026-08-23
,Twente,NED,1,1567.74804688,2026-05-18,2026-07-23
,Frosinone,ITA,2,1564.72619629,2026-05-09,2026-08-23
,Paphos,CYP,0,1561.03283691,2026-03-20,2026-07-23
,Norwich,ENG,2,1560.36108398,2026-05-31,2026-08-15
,Oviedo,ESP,1,1557.96923828,2026-05-28,2026-08-30
,Viktoria Plzen,CZE,1,1556.39904785,2026-05-25,2026-07-25
,Almeria,ESP,2,1556.26391602,2026-06-21,2026-08-30
,Lok Moskva,RUS,1,1555.28356934,2026-03-16,2026-08-30
,CSKA Moskva,RUS,1,1554.62353516,2026-03-15,2026-08-30
,St Truiden,BEL,1,1554.60754395,2026-05-25,2026-08-08
,Karabakh Agdam,AZE,0,1554.37609863,2026-02-25,2026-07-23
,Heidenheim,GER,2,1552.56994629,2026-07-04,2026-08-08
,Spartak Moskva,RUS,1,1550.99316406,2026-03-15,2026-08-30
,Eibar,ESP,2,1549.77270508,2026-06-01,2026-08-30
,Sparta Praha,CZE,1,1547.84741211,2026-05-25,2026-07-25
,Angers,FRA,1,1547.54577637,2026-05-31,2026-08-23
,Panathinaikos,GRE,1,1546.63830566,2026-05-18,2026-07-23
,Sheffield United,ENG,2,1546.58044434,2026-05-31,2026-08-15
,Castellon,ESP,2,1546.32922363,2026-06-10,2026-08-30
,Depor,ESP,2,1546.3137207,2026-06-01,2026-08-17
,Nantes,FRA,1,1544.4296875,2026-05-31,2026-08-30
,Monza,ITA,2,1543.99084473,2026-05-30,2026-08-22
,Reims,FRA,2,1541.97424316,2026-05-31,2026-08-30
,Burgos,ESP,2,1541.79614258,2026-06-01,2026-08-30
,Nordsjaelland,DEN,1,1541.78015137,2026-05-18,2026-07-23
,Derby,ENG,2,1539.21325684,2026-05-31,2026-08-15
,Alkmaar,NED,1,1539.2130127,2026-05-18,2026-08-08
,Dynamo Moskva,RUS,1,1538.52526855,2026-03-15,2026-08-30
,Swansea,ENG,2,1536.28552246,2026-05-31,2026-08-15
,St Pauli,GER,2,1532.94177246,2026-07-04,2026-08-09
,Hull,ENG,1,1532.88037109,2026-07-04,2026-08-22
,Nijmegen,NED,1,1531.59887695,2026-05-18,2026-08-08
,Cremonese,ITA,1,1531.55664062,2026-05-25,2026-08-30
,Brondby,DEN,1,1529.92541504,2026-05-22,2026-07-25
,Brann,NOR,1,1528.16918945,2026-07-19,2026-07-23
,Hannover,GER,2,1527.87036133,2026-05-21,2026-08-09
,Wrexham,ENG,2,1527.45922852,2026-05-31,2026-08-17
,Trabzonspor,TUR,1,1526.23779297,2026-05-18,2026-08-15
,Paderborn,GER,1,1525.36755371,2026-07-04,2026-08-29
,Anderlecht,BEL,0,1523.74475098,2026-07-04,2026-07-23
,Elversberg,GER,1,1523.3984375,2026-07-04,2026-08-29
,Troyes,FRA,2,1521.14294434,2026-05-31,2026-08-22
,Lech,POL,1,1520.91870117,2026-07-22,2026-07-25
,Bueyueksehir,TUR,1,1520.46105957,2026-07-23,2026-07-30
,Utrecht,NED,1,1520.30163574,2026-05-25,2026-08-09
,Ferencvaros,HUN,1,1520.0501709,2026-07-17,2026-07-23
,Schalke,GER,1,1519.74230957,2026-07-04,2026-08-30
,Rangers,SCO,1,1517.05700684,2026-05-17,2026-08-30
,Besiktas,TUR,1,1516.34155273,2026-05-16,2026-07-23
,Mjaellby,SWE,1,1515.64575195,2026-07-22,2026-07-25
,Palermo,ITA,2,1514.03552246,2026-05-21,2026-08-30
,Rakow,POL,1,1513.4987793,2026-05-24,2026-07-23
,Viborg,DEN,1,1512.19714355,2026-05-18,2026-07-24
,Saint-Etienne,FRA,2,1507.8404541,2026-05-31,2026-08-30
,Bristol City,ENG,2,1507.68249512,2026-05-31,2026-08-15
,Hammarby,SWE,1,1507.66394043,2026-07-20,2026-07-23
,Birmingham,ENG,2,1507.06591797,2026-05-31,2026-08-15
,Charleroi,BEL,1,1504.99658203,2026-05-24,2026-08-09
,West Brom,ENG,2,1504.70568848,2026-05-31,2026-08-15
,Verona,ITA,1,1502.55664062,2026-05-25,2026-08-30
,Standard,BEL,1,1502.06079102,2026-05-24,2026-08-08
,Gijon,ESP,2,1499.98913574,2026-05-31,2026-08-30
,Portsmouth,ENG,2,1499.31555176,2026-05-31,2026-08-15
,Gent,BEL,1,1497.22460938,2026-06-01,2026-07-23
,Tromso,NOR,1,1496.79077148,2026-07-19,2026-07-23
,Albacete,ESP,2,1496.30993652,2026-05-31,2026-08-30
,Rodez,FRA,2,1494.4453125,2026-05-31,2026-08-30
,Larnaca,CYP,0,1494.35534668,2026-03-20,2026-07-23
,Andorra CF,ESP,2,1493.97790527,2026-06-01,2026-08-30
,Blackburn,ENG,2,1493.27905273,2026-05-31,2026-08-14
,Le Mans,FRA,2,1492.42114258,2026-05-31,2026-08-22
,Metz,FRA,1,1489.80981445,2026-05-31,2026-08-30
,Bochum,GER,2,1486.64135742,2026-05-21,2026-08-07
,Baltika,RUS,1,1484.52722168,2026-03-15,2026-08-30
,Salzburg,AUT,1,1482.40698242,2026-05-18,2026-08-01
,Leganes,ESP,2,1481.57946777,2026-06-01,2026-08-30
,QPR,ENG,2,1480.51000977,2026-05-31,2026-08-15
,Antwerp,BEL,1,1480.3248291,2026-05-24,2026-08-09
,Preston,ENG,2,1478.86474609,2026-05-31,2026-08-15
,Mechelen,BEL,1,1478.85229492,2026-05-25,2026-08-09
,Montpellier,FRA,2,1477.11669922,2026-05-31,2026-08-30
,Westerlo,BEL,1,1475.3503418,2026-05-24,2026-08-08
,Cordoba,ESP,2,1474.97338867,2026-06-01,2026-08-30
,Apollon Lemesos,CYP,0,1474.15783691,2026-07-03,2026-07-23
,Hearts,SCO,1,1473.26843262,2026-07-22,2026-07-28
,Djurgarden,SWE,1,1472.00256348,2026-07-21,2026-07-25
,Sturm Graz,AUT,1,1471.63842773,2026-07-22,2026-07-28
,StGallen,SUI,1,1469.69934082,2026-05-18,2026-07-23
,Bolton,ENG,2,1468.6348877,2026-07-03,2026-08-15
,Cardiff,ENG,2,1468.6348877,2026-07-03,2026-08-17
,Heerenveen,NED,1,1468.30761719,2026-05-22,2026-08-09
,Molde,NOR,1,1467.12390137,2026-07-19,2026-07-26
,Jagiellonia,POL,1,1466.60534668,2026-05-24,2026-07-25
,Beer-Sheva,ISR,1,1466.13769531,2026-07-22,2026-07-29
,Annecy,FRA,2,1465.85778809,2026-05-31,2026-08-30
,SonderjyskE,DEN,1,1465.48193359,2026-05-18,2026-07-26
,Darmstadt,GER,2,1463.35742188,2026-05-21,2026-08-08
,Thun,SUI,1,1463.22155762,2026-07-22,2026-07-25
,Holstein,GER,2,1462.63525391,2026-05-21,2026-08-08
,Samsunspor,TUR,1,1461.5769043,2026-05-17,2026-08-17
,Hertha,GER,2,1461.53942871,2026-05-21,2026-08-07
,Granada,ESP,2,1461.25695801,2026-05-31,2026-08-30
,Nuernberg,GER,2,1458.71105957,2026-05-21,2026-08-09
,Craiova,ROM,1,1458.68530273,2026-07-23,2026-07-25
,Catanzaro,ITA,2,1458.62231445,2026-05-30,2026-08-30
,Watford,ENG,2,1458.1619873,2026-05-31,2026-08-16
,Omonia,CYP,0,1456.90478516,2026-07-23,2026-07-29
,Pisa,ITA,1,1455.70275879,2026-05-24,2026-08-30
,Celje,SVN,1,1455.52685547,2026-07-23,2026-07-25
,Gyoer,HUN,1,1454.81445312,2026-07-15,2026-07-26
,Ceuta,ESP,2,1454.66552734,2026-05-31,2026-08-30
,Charlton,ENG,2,1452.98535156,2026-05-31,2026-08-15
,Stoke,ENG,2,1452.73168945,2026-05-31,2026-08-15
,LASK,AUT,1,1452.54577637,2026-05-18,2026-07-31
,Gornik,POL,1,1452.04504395,2026-07-22,2026-07-25
,Goeztepe,TUR,1,1450.39257812,2026-05-17,2026-08-17
,Lugano,SUI,1,1450.05969238,2026-05-18,2026-07-23
,Rubin Kazan,RUS,1,1449.72570801,2026-03-16,2026-08-30
,Cercle Brugge,BEL,1,1445.62512207,2026-05-10,2026-08-08
,Hradec Kralove,CZE,1,1445.51159668,2026-05-25,2026-07-23
,Silkeborg,DEN,1,1445.33203125,2026-05-18,2026-07-27
,Jablonec,CZE,1,1445.09509277,2026-05-25,2026-07-23
,Malmoe,SWE,1,1444.68383789,2026-07-21,2026-07-26
,Levski,BUL,1,1441.24841309,2026-07-23,2026-07-25
,Red Star,FRA,2,1441.04553223,2026-05-31,2026-08-30
,Go Ahead Eagles,NED,1,1440.83374023,2026-05-18,2026-08-08
,Legia,POL,1,1440.72375488,2026-05-24,2026-07-24
,Mirandes,ESP,2,1440.08032227,2026-06-01,2026-08-30
,Magdeburg,GER,2,1439.74865723,2026-05-21,2026-08-08
,Groningen,NED,1,1438.96704102,2026-05-22,2026-08-09
,M Tel Aviv,ISR,1,1438.46240234,2026-05-24,2026-07-23
,CFR Cluj,ROM,1,1437.53100586,2026-07-19,2026-07-23
,Basel,SUI,1,1436.53771973,2026-05-18,2026-07-25
,Karlsruhe,GER,2,1435.78125,2026-05-21,2026-08-08
,Sion,SUI,1,1433.71740723,2026-05-18,2026-07-23
,Universitatea Cluj,ROM,1,1433.61633301,2026-07-20,2026-07-23
,Randers,DEN,1,1432.4888916,2026-05-18,2026-07-27
,Razgrad,BUL,1,1431.40698242,2026-07-19,2026-07-23
,Slovan Liberec,CZE,1,1431.40258789,2026-05-25,2026-07-25
,Young Boys,SUI,1,1431.35949707,2026-05-18,2026-07-26
,Odense,DEN,1,1430.63183594,2026-05-18,2026-07-24
,Zulte Waregem,BEL,1,1430.47888184,2026-05-10,2026-08-09
,Modena,ITA,2,1429.02416992,2026-05-13,2026-08-30
,Sociedad B,ESP,2,1428.48095703,2026-05-31,2026-08-30
,Casa Pia,POR,1,1427.9173584,2026-05-17,2026-08-08
,IK Sirius,SWE,1,1427.83227539,2026-07-20,2026-07-26
,Rosenborg,NOR,1,1427.67407227,2026-07-19,2026-07-27
,Hajduk,CRO,1,1426.87255859,2026-07-17,2026-07-23
,Steaua,ROM,1,1426.69909668,2026-05-30,2026-07-23
,Katowice,POL,1,1426.26806641,2026-05-24,2026-07-23
,Juve Stabia,ITA,2,1425.40307617,2026-05-20,2026-08-30
,Valladolid,ESP,2,1425.33886719,2026-06-01,2026-08-30
,Pogon,POL,1,1424.82568359,2026-05-24,2026-07-24
,Rostov,RUS,1,1424.74609375,2026-03-15,2026-08-30
,Sandefjord,NOR,1,1423.67431641,2026-07-19,2026-07-26
,Dunkerque,FRA,2,1423.47241211,2026-05-31,2026-08-30
,Empoli,ITA,2,1422.83190918,2026-05-09,2026-08-30
,Leuven,BEL,1,1422.09472656,2026-05-24,2026-08-09
,Servette,SUI,1,1417.44897461,2026-05-17,2026-07-25
,Beitar,ISR,1,1414.83398438,2026-05-24,2026-07-23
,Dresden,GER,2,1414.36071777,2026-05-21,2026-08-09
,Piast Gliwice,POL,1,1413.75854492,2026-05-24,2026-07-27
,Fredrikstad,NOR,1,1412.80065918,2026-07-18,2026-07-27
,Sparta Rotterdam,NED,1,1411.77038574,2026-05-18,2026-08-09
,Cadiz,ESP,2,1409.97802734,2026-06-01,2026-08-30
,Terek Grozny,RUS,1,1406.51818848,2026-03-16,2026-08-30
,Levadeiakos,GRE,1,1405.93103027,2026-05-18,2026-08-22
,Grenoble,FRA,2,1405.7088623,2026-05-31,2026-08-30
,Huesca,ESP,2,1405.03845215,2026-06-01,2026-08-30
,Bielefeld,GER,2,1404.89758301,2026-05-21,2026-08-08
,Sarpsborg,NOR,1,1403.36462402,2026-07-19,2026-07-26
,Rizespor,TUR,1,1402.17822266,2026-05-16,2026-08-15
,Mantova,ITA,2,1399.96435547,2026-05-09,2026-08-30
,Maritimo,POR,1,1399.50756836,2026-07-03,2026-08-08
,Austria Wien,AUT,1,1398.9432373,2026-05-18,2026-07-23
,Hibernian,SCO,1,1398.91027832,2026-05-17,2026-07-23
,Alanyaspor,TUR,1,1398.89453125,2026-05-17,2026-08-15
,Konyaspor,TUR,1,1398.39013672,2026-05-18,2026-08-15
,Lubin,POL,1,1397.54760742,2026-05-24,2026-07-27
,Luzern,SUI,1,1397.09777832,2026-05-17,2026-07-25
,Ham-Kam,NOR,1,1395.86999512,2026-07-23,2026-07-26
,Guingamp,FRA,2,1394.87780762,2026-05-31,2026-08-30
,Fuerth,GER,2,1394.82678223,2026-05-21,2026-08-09
,Telstar,NED,1,1394.69726562,2026-05-18,2026-08-08
,Cracovia,POL,1,1394.18835449,2026-05-24,2026-07-25
,Sampdoria,ITA,2,1390.78149414,2026-05-09,2026-08-30
,Clermont,FRA,2,1390.66430664,2026-05-31,2026-08-30
,Korona,POL,1,1390.38635254,2026-05-24,2026-07-25
,Motherwell,SCO,1,1389.7043457,2026-05-17,2026-07-23
,Zwolle,NED,1,1389.3717041,2026-05-18,2026-08-09
,Elfsborg,SWE,1,1388.13391113,2026-07-20,2026-07-26
,Rijeka,CRO,1,1387.49768066,2026-05-24,2026-07-23
,GAIS,SWE,1,1387.08850098,2026-07-19,2026-07-23
,Carrarese,ITA,2,1385.89758301,2026-05-09,2026-08-30
,Spezia,ITA,2,1384.77941895,2026-05-09,2026-08-30
,Zaragoza,ESP,2,1384.69812012,2026-06-01,2026-08-30
,Laval,FRA,2,1384.28735352,2026-05-31,2026-08-30
,Haecken,SWE,1,1383.41943359,2026-07-20,2026-07-27
,Sittard,NED,1,1383.10021973,2026-05-18,2026-08-08
,Kasimpasa,TUR,1,1383.04516602,2026-05-18,2026-08-15
,Bastia,FRA,2,1382.39294434,2026-05-31,2026-08-30
,Avellino,ITA,2,1381.59423828,2026-05-09,2026-08-30
,Rapid Wien,AUT,1,1381.19360352,2026-05-26,2026-07-23
,AIK,SWE,1,1381.11560059,2026-07-19,2026-07-27
,Braunschweig,GER,2,1381.0489502,2026-05-21,2026-08-08
,Motor Lublin,POL,1,1379.69775391,2026-05-24,2026-07-26
,Valerenga,NOR,1,1377.26916504,2026-07-17,2026-07-26
,Excelsior,NED,1,1377.12597656,2026-05-18,2026-08-07
,Plock,POL,1,1375.22241211,2026-05-24,2026-07-26
,Lausanne,SUI,1,1374.96130371,2026-05-17,2026-07-25
,Pau,FRA,2,1374.34631348,2026-05-31,2026-08-30
,Suedtirol,ITA,2,1372.29516602,2026-05-23,2026-08-30
,Sigma Olomouc,CZE,1,1371.94604492,2026-05-24,2026-07-26
,Widzew,POL,1,1371.26391602,2026-05-24,2026-07-26
,Hartberg,AUT,1,1370.59338379,2026-05-18,2026-08-01
,Eyupspor,TUR,1,1370.07287598,2026-05-18,2026-08-16
,Goeteborg,SWE,1,1368.79516602,2026-07-22,2026-07-26
,Rapid Bucuresti,ROM,1,1368.52368164,2026-07-21,2026-07-27
,Dinamo Bucuresti,ROM,1,1368.21972656,2026-07-20,2026-07-25
,Leonesa,ESP,2,1367.80859375,2026-05-31,2026-08-30
,Paksi,HUN,1,1367.53356934,2026-05-17,2026-07-23
,Slovan Bratislava,SLK,0,1366.51843262,2026-07-22,2026-07-29
,Bari,ITA,2,1366.16149902,2026-05-23,2026-08-30
,Kryliya Sovetov,RUS,1,1366.14489746,2026-03-16,2026-08-30
,Cesena,ITA,2,1365.54797363,2026-05-09,2026-08-30
,Padova,ITA,2,1365.3984375,2026-05-09,2026-08-30
,Koper,SVN,1,1364.5402832,2026-07-18,2026-07-23
,Puskas Akademia,HUN,1,1363.62231445,2026-05-16,2026-07-26
,KFUM Oslo,NOR,1,1363.44885254,2026-07-19,2026-07-26
,Lillestrom,NOR,1,1363.40368652,2026-07-23,2026-08-30
,Akron Togliatti,RUS,1,1360.69018555,2026-03-16,2026-08-30
,Nancy,FRA,2,1359.40527344,2026-05-31,2026-08-30
,Entella,ITA,2,1358.0847168,2026-05-09,2026-08-30
,Varazdin,CRO,1,1357.82250977,2026-05-24,2026-07-23
,Boulogne,FRA,2,1357.81335449,2026-05-31,2026-08-30
,CSKA Sofia,BUL,1,1355.23095703,2026-07-21,2026-07-23
,Gaziantep FK,TUR,1,1354.34472656,2026-05-17,2026-08-15
,Debrecen,HUN,1,1353.97338867,2026-05-17,2026-07-23
,Lok Zagreb,CRO,1,1353.19458008,2026-05-24,2026-08-30
,Kristiansund,NOR,1,1353.01513672,2026-07-19,2026-07-25
,Pescara,ITA,2,1351.91564941,2026-05-09,2026-08-30
,FK Astana,KAZ,0,1351.59240723,2026-07-17,2026-08-30
,Kortrijk,BEL,1,1350.14294434,2026-07-03,2026-08-07
,Lommel,BEL,1,1350.14294434,2026-07-03,2026-08-08
,Beveren,BEL,1,1350.14294434,2026-07-03,2026-08-09
,Genclerbirligi,TUR,1,1349.63000488,2026-05-18,2026-08-15
,Maccabi Haifa,ISR,1,1347.22485352,2026-05-24,2026-08-30
,Lyngby,DEN,1,1347.06616211,2026-07-03,2026-07-26
,Horsens,DEN,1,1347.06616211,2026-07-03,2026-07-26
,Pardubice,CZE,1,1346.9642334,2026-05-11,2026-07-26
,Banik Ostrava,CZE,1,1346.5625,2026-05-24,2026-07-25
,Bohemians Praha,CZE,1,1344.51196289,2026-07-23,2026-07-25
,Orenburg,RUS,1,1343.03881836,2026-03-14,2026-08-30
,Kocaelispor,TUR,1,1342.98779297,2026-05-18,2026-08-16
,Cottbus,GER,2,1342.63476562,2026-07-03,2026-08-09
,Osnabrueck,GER,2,1342.63476562,2026-07-03,2026-08-08
,Partizan,SRB,1,1342.41906738,2026-07-19,2026-07-23
,Dunajska,SLK,0,1342.41223145,2026-07-03,2026-07-23
,Dynamo Makhachkala,RUS,1,1339.20922852,2026-03-14,2026-08-30
,Slask,POL,1,1338.51904297,2026-07-03,2026-07-25
,Wisla,POL,1,1338.51904297,2026-07-03,2026-07-26
,Nizhny Novgorod,RUS,1,1337.80126953,2026-03-16,2026-08-30
,Sheriff Tiraspol,MOL,0,1337.35595703,2026-07-17,2026-07-23
,Zalaegerszegi,HUN,1,1335.47644043,2026-05-17,2026-07-27
,Maribor,SVN,1,1334.22265625,2026-07-20,2026-08-30
,Reggiana,ITA,2,1334.04577637,2026-05-09,2026-08-30
,Trnava,SLK,0,1333.72814941,2026-07-23,2026-07-28
,Kayseri,TUR,1,1333.65490723,2026-05-18,2026-08-30
,Wolfsberg,AUT,1,1333.6505127,2026-05-20,2026-08-02
,Zilina,SLK,0,1333.45056152,2026-07-17,2026-07-23
,H Tel Aviv,ISR,1,1333.1138916,2026-05-24,2026-07-23
,Osijek,CRO,1,1330.08520508,2026-05-23,2026-08-30
,Antalyaspor,TUR,1,1328.71740723,2026-05-18,2026-08-30
,Teplice,CZE,1,1328.1394043,2026-05-24,2026-07-25
,Fatih Karaguemruek,TUR,1,1325.40710449,2026-05-17,2026-08-30
,Zira,AZE,0,1319.08618164,2026-07-17,2026-07-23
,Polissya Zhytomyr,UKR,1,1317.87121582,2026-07-03,2026-07-23
,Karpaty,UKR,1,1317.87121582,2026-07-03,2026-08-01
,Kryvbas,UKR,1,1317.87121582,2026-07-03,2026-08-01
,Obolon Kyiv,UKR,1,1317.87121582,2026-07-03,2026-08-02
,Episentr,UKR,1,1317.87121582,2026-07-03,2026-08-02
,Chernomorets,UKR,1,1317.87121582,2026-07-03,2026-08-02
,Olimpija Ljubljana,SVN,1,1317.77832031,2026-07-19,2026-07-25
,Cambuur,NED,1,1317.28894043,2026-07-03,2026-08-07
,Willem II,NED,1,1317.28894043,2026-07-03,2026-08-08
,Den Haag,NED,1,1317.28894043,2026-07-03,2026-08-08
,Asteras Tripolis,GRE,1,1313.69934082,2026-05-22,2026-08-22
,Shamrock,IRL,0,1313.01416016,2026-07-22,2026-07-28
,CSKA 1948 Sofia,BUL,1,1312.79199219,2026-07-23,2026-07-25
,Neftchi,AZE,0,1312.18469238,2026-07-23,2026-07-30
,Sabah,AZE,0,1311.19018555,2026-07-22,2026-07-28
,Zuerich,SUI,1,1307.39782715,2026-05-17,2026-07-26
,UTA Arad,ROM,1,1305.11437988,2026-07-19,2026-07-24
,Ried,AUT,1,1301.83740234,2026-05-26,2026-08-02
,HNK Gorica,CRO,1,1300.91821289,2026-05-24,2026-08-30
,Altach,AUT,1,1298.19042969,2026-05-17,2026-08-02
,Sochi,RUS,1,1297.66748047,2026-03-15,2026-08-30
,Kilmarnock,SCO,1,1297.11791992,2026-05-18,2026-08-30
,Kuopio,FIN,0,1296.51391602,2026-07-22,2026-07-28
,Otelul Galati,ROM,1,1296.07861328,2026-07-19,2026-07-24
,Amiens,FRA,2,1295.50195312,2026-05-31,2026-08-30
,Bravo,SVN,1,1294.92626953,2026-07-19,2026-07-23
,Start,NOR,1,1294.83154297,2026-07-19,2026-07-25
,Kairat,KAZ,0,1294.38867188,2026-07-23,2026-07-29
,Noah,ARM,0,1294.14257812,2026-02-27,2026-07-23
,Viitorul,ROM,1,1293.85339355,2026-07-20,2026-07-25
,Panetolikos,GRE,1,1292.25952148,2026-05-22,2026-08-22
,Wattens,AUT,1,1292.03271484,2026-05-17,2026-08-01
,Ujpest,HUN,1,1291.93554688,2026-05-17,2026-07-24
,Aalesund,NOR,1,1291.39440918,2026-07-17,2026-07-26
,Istra 1961,CRO,1,1291.16674805,2026-05-24,2026-08-30
,Tescoma Zlin,CZE,1,1290.13598633,2026-05-24,2026-07-25
,Grasshoppers,SUI,1,1289.90795898,2026-05-19,2026-07-25
,Kifisias,GRE,1,1289.77783203,2026-05-22,2026-08-22
,Novi Sad,SRB,1,1288.29541016,2026-07-20,2026-07-23
,Brommapojkarna,SWE,1,1286.93847656,2026-07-18,2026-07-26
,Dundee United,SCO,1,1286.71252441,2026-05-18,2026-08-30
,Pyunik,ARM,0,1286.7109375,2026-07-17,2026-07-23
,Nyiregyhaza,HUN,1,1285.84594727,2026-05-16,2026-07-24
,Vikingur,ISL,0,1285.12316895,2026-07-22,2026-07-29
,Slovacko,CZE,1,1284.80163574,2026-05-24,2026-07-26
,FK Riga,LAT,0,1283.32739258,2026-07-23,2026-07-28
,MTK,HUN,1,1283.06335449,2026-05-16,2026-07-27
,Zrinjski Mostar,BHZ,0,1283.0456543,2026-02-27,2026-07-23
,Slaven Belupo,CRO,1,1282.4810791,2026-05-23,2026-07-31
,Vaduz,LIE,0,1280.60302734,2026-02-27,2026-07-23
,GAK,AUT,1,1279.8104248,2026-05-17,2026-07-31
,Cherno More,BUL,1,1279.59619141,2026-07-20,2026-07-26
,St Patricks,IRL,0,1278.34521484,2026-01-01,2026-08-30
,Botosani,ROM,1,1277.43041992,2026-07-18,2026-07-27
,Tobol,KAZ,0,1273.34179688,2026-07-03,2026-07-23
,Halmstad,SWE,1,1272.30566406,2026-07-20,2026-07-26
,Degerfors,SWE,1,1271.91052246,2026-07-20,2026-07-25
,Netanya,ISR,1,1271.08203125,2026-05-19,2026-08-30
,Falkirk,SCO,1,1270.04736328,2026-05-17,2026-08-30
,Aarau,SUI,1,1267.46704102,2026-05-19,2026-08-30
,Csikszereda,ROM,1,1267.13671875,2026-07-21,2026-07-26
,Petrolul Ploiesti,ROM,1,1266.38818359,2026-07-20,2026-08-01
,Dundee,SCO,1,1266.15893555,2026-05-18,2026-08-30
,Vaesteras,SWE,1,1264.99938965,2026-07-18,2026-07-24
,Arda,BUL,1,1262.61486816,2026-07-19,2026-07-24
,Kisvarda,HUN,1,1261.0670166,2026-05-17,2026-07-25
,Aberdeen,SCO,1,1258.19970703,2026-05-18,2026-08-30
,Oergryte,SWE,1,1257.30456543,2026-07-21,2026-07-24
,HJK Helsinki,FIN,0,1246.64978027,2026-02-27,2026-07-23
,Ararat,ARM,0,1246.33862305,2026-07-22,2026-07-28
,Kalmar,SWE,1,1246.30627441,2026-07-21,2026-07-25
,Honved,HUN,1,1246.13330078,2026-07-03,2026-07-25
,Vasas SC,HUN,1,1246.13330078,2026-07-03,2026-07-26
,Lustenau,AUT,1,1243.68859863,2026-07-03,2026-08-02
,St Mirren,SCO,1,1243.31506348,2026-05-18,2026-08-30
,Drita,KOS,0,1242.50073242,2026-07-22,2026-07-28
,Shelbourne,IRL,0,1240.87084961,2026-01-01,2026-07-23
,Zeleznicar Pancevo,SRB,1,1240.4041748,2026-07-23,2026-07-30
,Iraklis,GRE,1,1239.89074707,2026-07-03,2026-08-22
,Derry City,IRL,0,1233.97900391,2026-07-17,2026-07-23
,Botev Plovdiv,BUL,1,1233.97180176,2026-07-21,2026-07-27
,Winterthur,SUI,1,1232.13244629,2026-05-17,2026-08-30
,Hapoel Jerusalem,ISR,1,1230.98937988,2026-05-19,2026-08-30
,Hapoel Haifa,ISR,1,1230.6484375,2026-05-19,2026-08-30
,Stjarnan,ISL,0,1230.38879395,2026-07-17,2026-07-23
,Bnei Sakhinin,ISR,1,1229.75512695,2026-05-19,2026-08-30
,H Petach Tikva,ISR,1,1228.65100098,2026-05-24,2026-08-30
,Velez Mostar,BHZ,0,1227.04248047,2026-07-17,2026-07-23
,Shkendija,MAC,0,1226.55493164,2026-07-17,2026-07-23
,Dynamo Kyiv,UKR,0,1224.94836426,2026-07-17,2026-07-23
,LNZ,UKR,0,1224.94836426,2026-07-03,2026-07-23
,Voluntari,ROM,1,1223.70605469,2026-07-18,2026-07-27
,Sepsi,ROM,1,1223.70605469,2026-07-21,2026-07-26
,Corvinul Hunedoara,ROM,1,1223.70605469,2026-07-21,2026-07-25
,RFS,LAT,0,1221.79467773,2026-07-17,2026-08-30
,Ironi Tiberias,ISR,1,1212.53625488,2026-05-19,2026-08-30
,Valur,ISL,0,1211.37255859,2026-01-01,2026-07-23
,FK Sarajevo,BHZ,0,1211.23156738,2026-07-17,2026-08-30
,Borac Banja Luka,BHZ,0,1210.83227539,2026-07-15,2026-07-23
,Lok Plovdiv,BUL,1,1205.97167969,2026-07-19,2026-07-26
,Ilves Tampere,FIN,0,1205.37280273,2026-07-17,2026-07-23
,Dinamo Minsk,BLR,0,1202.69592285,2026-07-23,2026-07-30
,Inter Turku,FIN,0,1202.63513184,2026-07-23,2026-07-30
,BATE,BLR,0,1202.37768555,2026-01-01,2026-07-23
,Kiryat Shmona,ISR,1,1201.35681152,2026-05-19,2026-08-30
,Alashkert,ARM,0,1199.71240234,2026-07-03,2026-07-23
,Slavia Sofia,BUL,1,1199.17614746,2026-07-21,2026-07-24
,OFK,SRB,1,1199.15283203,2026-07-20,2026-08-30
,Cukaricki,SRB,1,1198.3515625,2026-07-20,2026-07-25
,Novi Pazar,SRB,1,1194.02612305,2026-07-19,2026-07-26
,Lok Sofia,BUL,1,1193.53747559,2026-07-21,2026-07-25
,Brno,CZE,1,1192.71337891,2026-07-03,2026-07-25
,Klaksvik,FAR,0,1189.47131348,2026-07-22,2026-07-29
,Kragujevac,SRB,1,1187.92358398,2026-07-19,2026-08-30
,Liepajas,LAT,0,1187.7734375,2026-07-16,2026-07-23
,Radomlje,SVN,1,1187.16796875,2026-05-23,2026-07-26
,Ballkani,KOS,0,1185.13781738,2026-07-23,2026-07-30
,Dinamo Tirana,ALB,0,1183.72375488,2026-07-17,2026-07-23
,Auda,LAT,0,1179.07128906,2026-01-01,2026-07-23
,Ashdod,ISR,1,1172.46362305,2026-05-19,2026-08-30
,Zalgiris Vilnius,LIT,0,1167.50366211,2026-07-17,2026-07-23
,IMT,SRB,1,1167.2331543,2026-07-20,2026-07-25
,Botev Vratsa,BUL,1,1165.69104004,2026-07-20,2026-07-25
,Livingston,SCO,1,1163.26220703,2026-05-18,2026-08-30
,Torpedo Kutaisi,GEO,0,1159.65441895,2026-07-17,2026-08-30
,Radnik Surdulica,SRB,1,1159.57324219,2026-07-20,2026-08-30
,Petrocub,MOL,0,1159.45910645,2026-07-16,2026-07-23
,Partizani Tirana,ALB,0,1158.83312988,2026-01-01,2026-08-30
,Egnatia,ALB,0,1157.89331055,2026-07-23,2026-07-28
,Dinamo Tbilisi,GEO,0,1153.70239258,2026-07-03,2026-07-23
,Dila Gori,GEO,0,1149.45703125,2026-07-17,2026-07-23
,Saburtalo,GEO,0,1149.44433594,2026-07-22,2026-07-29
,Vllaznia,ALB,0,1145.86279297,2026-07-16,2026-08-30
,Vukovar,CRO,1,1141.32226562,2026-05-23,2026-08-30
,Mura,SVN,1,1140.62060547,2026-07-18,2026-07-25
,Aluminij,SVN,1,1136.1673584,2026-07-20,2026-07-23
,Mladost Lucani,SRB,1,1133.25134277,2026-07-20,2026-07-26
,Kauno Zalgiris,LIT,0,1131.27331543,2026-07-22,2026-07-29
,Flora Tallinn,EST,0,1130.34924316,2026-07-15,2026-07-23
,Maccabi Bnei Raina,ISR,1,1127.99316406,2026-05-19,2026-08-30
,Zimbru,MOL,0,1121.74816895,2026-01-01,2026-07-23
,Nis,SRB,1,1120.02661133,2026-07-18,2026-07-25
,Hamrun,MLT,0,1116.77966309,2026-07-17,2026-08-30
,Nafta,SVN,1,1116.73962402,2026-07-18,2026-07-26
,Panevezys,LIT,0,1114.84375,2026-07-03,2026-07-23
,Linfield,NIR,0,1112.89929199,2026-07-17,2026-08-30
,Milsami Orhei,MOL,0,1106.4597168,2026-07-17,2026-08-30
,Hegelmann,LIT,0,1105.8293457,2026-07-17,2026-08-30
,Spartak Varna,BUL,1,1099.84106445,2026-07-18,2026-07-26
,Vardar,MAC,0,1099.73193359,2026-07-23,2026-07-28
,Decic,MNT,0,1098.27709961,2026-07-16,2026-08-30
,Septemvri Sofia,BUL,1,1095.19165039,2026-07-19,2026-07-26
,Sileks,MAC,0,1091.06091309,2026-07-17,2026-08-30
,Dukagjini,KOS,0,1084.08703613,2026-07-03,2026-07-23
,Paide Linnameeskond,EST,0,1082.51745605,2026-07-17,2026-07-23
,Sutjeska,MNT,0,1082.15710449,2026-07-16,2026-08-30
,Rabotnicki,MAC,0,1081.38427734,2026-02-27,2026-08-30
,Nomme Kalju,EST,0,1067.46813965,2026-07-17,2026-07-23
,The New Saints,WAL,0,1066.42773438,2026-07-15,2026-07-23
,Lincoln,GIB,0,1065.0925293,2026-07-22,2026-07-28
,Differdang,LUX,0,1064.40563965,2026-07-17,2026-08-30
,Floriana,MLT,0,1063.39416504,2026-07-22,2026-07-28
,Larne,NIR,0,1059.32751465,2026-07-22,2026-07-29
,Marsaxlokk,MLT,0,1058.54980469,2026-07-17,2026-08-30
,Valletta,MLT,0,1058.54980469,2026-07-03,2026-07-23
,Coleraine,NIR,0,1056.44763184,2026-07-03,2026-07-23
,Glentoran,NIR,0,1056.44763184,2026-07-17,2026-08-30
,R Letzebuerg,LUX,0,1055.80236816,2026-01-01,2026-08-30
,Malisheva,KOS,0,1053.15771484,2026-07-16,2026-07-23
,Dunav Ruse,BUL,1,1051.70751953,2026-07-18,2026-07-27
,FC Infonet,EST,0,1050.10693359,2026-07-22,2026-07-30
,HB Torshavn,FAR,0,1050.02600098,2026-01-01,2026-07-23
,Macva Sabac,SRB,1,1049.02075195,2026-07-18,2026-07-26
,Zemun,SRB,1,1049.02075195,2026-07-19,2026-07-25
,Una Strassen,LUX,0,1047.87158203,2026-07-15,2026-07-23
,Mornar,MNT,0,1045.57641602,2026-07-17,2026-08-30
,Petrovac,MNT,0,1045.57641602,2026-07-17,2026-08-30
,Runavik,FAR,0,1039.27258301,2026-07-17,2026-07-23
,Dudelange,LUX,0,1035.68371582,2026-01-01,2026-08-30
,Gota,FAR,0,1033.25927734,2026-07-17,2026-08-30
,Escaldes,AND,0,1002.06817627,2026-07-15,2026-08-30
,Penybont,WAL,0,988.081848145,2026-07-17,2026-08-30
,Caernarfon Town,WAL,0,969.859069824,2026-07-17,2026-08-30
,Connahs Quay,WAL,0,969.859069824,2026-07-17,2026-08-30
,St Josephs,GIB,0,968.097045898,2026-07-17,2026-08-30
,College Europa,GIB,0,955.99798584,2026-07-17,2026-08-30
,Santa Coloma,AND,0,954.305236816,2026-07-17,2026-07-23
,Atletic Club Escaldes,AND,0,944.222595215,2026-07-17,2026-07-23
,SS Virtus,SMR,0,767.627746582,2026-07-17,2026-08-30
,Tre Fiori,SMR,0,736.193237305,2026-07-15,2026-08-30
,La Fiorita,SMR,0,716.190124512,2026-07-15,2026-08-30
